Top values of organization.name,Top values of network.application,Top values of source.ip,Count of records,Analysis Conducted(Y/N) ,Threat Found(Y/N) ,Device name 
LogicForce,vmware,172.16.10.231,"781,938",,,
LogicForce,vmware,172.16.10.109,"781,867",,,
LogicForce,vmware,172.16.10.106,"781,851",,,
LogicForce,vmware,172.16.10.107,"781,827",,,
LogicForce,vmware,172.16.10.100,"781,822",,,
LogicForce,vmware,172.16.10.101,"781,808",,,
LogicForce,vmware,172.16.10.233,"781,796",,,
LogicForce,vmware,172.16.10.230,"781,792",,,
LogicForce,vmware,172.16.10.232,"781,787",,,
LogicForce,vmware,172.16.10.108,"781,633",,,
LogicForce,vmware,172.16.10.102,"781,274",,,
LogicForce,vmware,172.16.0.10,"758,221",,,
LogicForce,vmware,172.16.1.6,"4,445",,,
LogicForce,vmware,172.16.1.9,627,,,
LogicForce,vmware,172.16.1.13,521,,,
LogicForce,vmware,172.16.1.223,520,,,
LogicForce,vmware,192.168.168.51,1,,,
LogicForce,vmware-carbon-black,172.16.1.59,204,,,
LogicForce,ssl,172.16.1.93,178,,,
LogicForce,ssl,172.16.10.207,5,,,
LogicForce,ssl,172.16.1.30,4,,,
LogicForce,ssl,172.16.1.54,3,,,
LogicForce,ssl,192.168.168.51,2,,,
LogicForce,salesforce-base,172.16.1.93,24,,,
LogicForce,salesforce-base,172.16.1.64,13,,,
LogicForce,salesforce-base,172.16.1.30,12,,,
LogicForce,web-browsing,172.16.10.109,5,,,
LogicForce,web-browsing,172.16.10.101,4,,,
LogicForce,web-browsing,172.16.10.102,3,,,
LogicForce,web-browsing,172.16.10.100,2,,,
LogicForce,web-browsing,172.16.10.108,2,,,
LogicForce,web-browsing,172.16.10.106,1,,,
LogicForce,web-browsing,172.16.10.107,1,,,
LogicForce,zoom-base,172.16.1.54,2,,,
LogicForce,zoom-base,172.16.1.93,2,,,
LogicForce,zoom-base,172.16.1.30,1,,,
Boyd Corp,vmware,172.16.4.13,"362,765",,,
Boyd Corp,vmware,172.16.4.12,"362,209",,,
Boyd Corp,vmware,10.7.1.14,"255,727",,,
Boyd Corp,vmware,10.7.1.15,"255,624",,,
Boyd Corp,vmware,10.1.10.72,"32,702",,,
Boyd Corp,vmware,10.1.10.71,"32,643",,,
Boyd Corp,vmware,192.168.87.36,"1,365",,,
Boyd Corp,vmware,10.5.3.10,595,,,
Boyd Corp,vmware,192.168.87.22,5,,,
Boyd Corp,vmware,192.168.101.100,3,,,
Boyd Corp,vmware,192.168.101.135,2,,,
Boyd Corp,vmware,192.168.101.204,1,,,
Boyd Corp,vmware,192.168.101.206,1,,,
Boyd Corp,vmware,192.168.101.223,1,,,
Boyd Corp,vmware-view,192.168.87.36,"2,905",,,
Boyd Corp,ssl,192.168.87.36,828,,,
Boyd Corp,ssl,10.10.0.185,27,,,
Boyd Corp,ssl,172.16.8.105,22,,,
Boyd Corp,ssl,192.168.11.117,8,,,
Boyd Corp,ssl,172.16.4.16,6,,,
Boyd Corp,ssl,10.8.1.100,3,,,
Boyd Corp,ssl,10.98.130.74,3,,,
Boyd Corp,ssl,10.10.0.60,2,,,
Boyd Corp,ssl,192.168.11.219,2,,,
Boyd Corp,http-proxy,192.168.11.219,2,,,
Boyd Corp,web-browsing,10.7.1.15,1,,,
Town of Mooresville,ssl,10.129.10.6,"526,157",,,
Town of Mooresville,ssl,172.16.6.10,16,,,
Town of Mooresville,ssl,10.130.98.150,2,,,
Town of Mooresville,vmware-carbon-black,10.128.98.158,448,,,
Town of Mooresville,vmware-carbon-black,10.200.98.97,138,,,
Town of Mooresville,vmware-carbon-black,10.183.98.248,134,,,
Town of Mooresville,vmware-carbon-black,10.130.98.211,8,,,
Town of Mooresville,vmware-carbon-black,10.200.98.79,2,,,
Town of Mooresville,vmware-view,10.110.98.152,3,,,
Town of Mooresville,vmware-view,10.183.98.210,2,,,
"Robinson Gray Stepp & Laffitte, LLC",vmware-carbon-black,192.168.50.82,"29,768",,,
"Robinson Gray Stepp & Laffitte, LLC",vmware-carbon-black,192.168.54.105,552,,,
"Robinson Gray Stepp & Laffitte, LLC",vmware-carbon-black,192.168.53.83,14,,,
"Robinson Gray Stepp & Laffitte, LLC",vmware-view,192.168.51.120,89,,,
"Robinson Gray Stepp & Laffitte, LLC",vmware-view,192.168.50.212,80,,,
"Robinson Gray Stepp & Laffitte, LLC",vmware-view,192.168.50.108,64,,,
"Robinson Gray Stepp & Laffitte, LLC",vmware-view,192.168.50.91,56,,,
"Robinson Gray Stepp & Laffitte, LLC",vmware-view,192.168.50.90,43,,,
"Robinson Gray Stepp & Laffitte, LLC",vmware-view,192.168.1.2,38,,,
"Robinson Gray Stepp & Laffitte, LLC",vmware-view,192.168.50.71,23,,,
"Robinson Gray Stepp & Laffitte, LLC",vmware-view,192.168.53.83,18,,,
"Robinson Gray Stepp & Laffitte, LLC",vmware-view,192.168.50.233,17,,,
"Robinson Gray Stepp & Laffitte, LLC",vmware-view,192.168.50.115,15,,,
"Robinson Gray Stepp & Laffitte, LLC",vmware-view,192.168.1.5,11,,,
"Robinson Gray Stepp & Laffitte, LLC",vmware-view,192.168.53.54,8,,,
"Robinson Gray Stepp & Laffitte, LLC",vmware-view,192.168.1.4,7,,,
"Robinson Gray Stepp & Laffitte, LLC",vmware-view,192.168.53.90,6,,,
"Robinson Gray Stepp & Laffitte, LLC",vmware-view,192.168.51.144,4,,,
"Robinson Gray Stepp & Laffitte, LLC",vmware-view,192.168.51.113,3,,,
"Robinson Gray Stepp & Laffitte, LLC",vmware-view,192.168.53.55,3,,,
"Robinson Gray Stepp & Laffitte, LLC",vmware-view,192.168.53.92,2,,,
"Robinson Gray Stepp & Laffitte, LLC",ssl,192.168.1.2,2,,,
Barr Brands,ssl,10.200.0.171,"1,284",,,
Barr Brands,ssl,10.100.0.223,"1,139",,,
Barr Brands,ssl,10.100.0.241,"1,137",,,
Barr Brands,ssl,10.100.0.53,"1,093",,,
Barr Brands,ssl,10.100.0.165,975,,,
Barr Brands,ssl,10.100.0.146,857,,,
Barr Brands,ssl,10.100.0.10,719,,,
Barr Brands,ssl,10.200.0.156,717,,,
Barr Brands,ssl,10.100.0.96,660,,,
Barr Brands,ssl,10.100.0.26,593,,,
Barr Brands,ssl,10.100.0.31,571,,,
Barr Brands,ssl,10.100.0.204,494,,,
Barr Brands,ssl,10.100.0.75,476,,,
Barr Brands,ssl,10.100.0.84,463,,,
Barr Brands,ssl,10.100.0.114,450,,,
Barr Brands,ssl,10.100.0.99,425,,,
Barr Brands,ssl,10.100.0.11,410,,,
Barr Brands,ssl,10.100.0.239,409,,,
Barr Brands,ssl,10.100.0.182,382,,,
Barr Brands,ssl,10.100.0.81,378,,,
Barr Brands,ssl,10.100.0.112,320,,,
Barr Brands,ssl,10.100.0.77,295,,,
Barr Brands,ssl,10.100.0.121,288,,,
Barr Brands,ssl,10.100.0.131,260,,,
Barr Brands,ssl,10.100.0.24,247,,,
Barr Brands,ssl,10.100.0.83,237,,,
Barr Brands,ssl,10.100.0.186,237,,,
Barr Brands,ssl,10.100.0.116,206,,,
Barr Brands,ssl,172.18.11.11,162,,,
Barr Brands,ssl,10.200.0.161,133,,,
Barr Brands,ssl,10.100.0.203,106,,,
Barr Brands,ssl,10.100.0.195,67,,,
Barr Brands,ssl,10.100.0.122,64,,,
Barr Brands,ssl,10.100.0.253,62,,,
Barr Brands,ssl,10.100.0.175,57,,,
Barr Brands,ssl,10.100.0.40,51,,,
Barr Brands,ssl,10.100.0.28,40,,,
Barr Brands,ssl,10.100.0.52,34,,,
Barr Brands,ssl,172.20.11.110,28,,,
Barr Brands,ssl,10.100.0.233,15,,,
Barr Brands,ssl,172.20.11.65,12,,,
Barr Brands,ssl,10.100.0.126,11,,,
Barr Brands,ssl,10.100.0.67,10,,,
Barr Brands,ssl,10.100.0.101,10,,,
Barr Brands,ssl,10.100.0.194,7,,,
Barr Brands,ssl,10.1.9.37,3,,,
Barr Brands,ssl,10.1.9.12,2,,,
Barr Brands,ssl,172.20.11.223,2,,,
Barr Brands,ssl,172.20.13.36,2,,,
Barr Brands,ssl,172.20.11.37,1,,,
Barr Brands,ssl,172.20.12.150,1,,,
Barr Brands,ssl,172.20.13.122,1,,,
Barr Brands,vmware-view,172.18.11.21,218,,,
Barr Brands,vmware-view,10.1.9.6,156,,,
Barr Brands,vmware-view,10.1.9.15,148,,,
Barr Brands,vmware-view,10.1.9.30,148,,,
Barr Brands,vmware-view,10.1.9.22,140,,,
Barr Brands,vmware-view,172.18.11.20,106,,,
Barr Brands,vmware-view,10.1.9.237,96,,,
Barr Brands,vmware-view,10.1.9.58,90,,,
Barr Brands,vmware-view,10.1.9.7,86,,,
Barr Brands,vmware-view,10.1.9.74,84,,,
Barr Brands,vmware-view,10.100.0.228,78,,,
Barr Brands,vmware-view,10.1.9.37,72,,,
Barr Brands,vmware-view,172.19.10.11,54,,,
Barr Brands,vmware-view,10.1.9.14,50,,,
Barr Brands,vmware-view,10.100.0.6,49,,,
Barr Brands,vmware-view,10.1.9.28,48,,,
Barr Brands,vmware-view,10.1.9.5,46,,,
Barr Brands,vmware-view,10.100.0.132,46,,,
Barr Brands,vmware-view,10.100.0.17,45,,,
Barr Brands,vmware-view,10.100.0.246,44,,,
Barr Brands,vmware-view,10.200.0.106,43,,,
Barr Brands,vmware-view,10.1.9.16,42,,,
Barr Brands,vmware-view,10.100.0.40,42,,,
Barr Brands,vmware-view,10.100.0.5,40,,,
Barr Brands,vmware-view,10.100.0.34,40,,,
Barr Brands,vmware-view,10.100.0.42,40,,,
Barr Brands,vmware-view,172.18.11.70,40,,,
Barr Brands,vmware-view,10.1.9.8,38,,,
Barr Brands,vmware-view,10.100.0.9,38,,,
Barr Brands,vmware-view,10.100.0.10,38,,,
Barr Brands,vmware-view,10.100.0.26,38,,,
Barr Brands,vmware-view,10.100.0.149,38,,,
Barr Brands,vmware-view,10.100.0.156,38,,,
Barr Brands,vmware-view,10.100.0.198,37,,,
Barr Brands,vmware-view,10.100.0.243,37,,,
Barr Brands,vmware-view,10.1.9.48,36,,,
Barr Brands,vmware-view,10.1.9.50,36,,,
Barr Brands,vmware-view,10.100.0.48,36,,,
Barr Brands,vmware-view,10.100.0.77,36,,,
Barr Brands,vmware-view,10.100.0.28,35,,,
Barr Brands,vmware-view,10.100.0.150,35,,,
Barr Brands,vmware-view,10.1.9.149,34,,,
Barr Brands,vmware-view,10.100.0.13,34,,,
Barr Brands,vmware-view,10.100.0.68,34,,,
Barr Brands,vmware-view,10.100.0.233,34,,,
Barr Brands,vmware-view,172.18.11.24,34,,,
Barr Brands,vmware-view,10.100.0.8,33,,,
Barr Brands,vmware-view,10.100.0.27,33,,,
Barr Brands,vmware-view,10.100.0.43,33,,,
Barr Brands,vmware-view,10.100.0.104,33,,,
Barr Brands,vmware-view,10.100.0.118,33,,,
Barr Brands,vmware-view,10.1.9.26,32,,,
Barr Brands,vmware-view,10.1.9.49,32,,,
Barr Brands,vmware-view,10.100.0.18,32,,,
Barr Brands,vmware-view,10.100.0.200,32,,,
Barr Brands,vmware-view,10.100.0.15,31,,,
Barr Brands,vmware-view,10.100.0.57,31,,,
Barr Brands,vmware-view,10.100.0.85,31,,,
Barr Brands,vmware-view,10.100.0.177,31,,,
Barr Brands,vmware-view,10.100.0.14,30,,,
Barr Brands,vmware-view,10.100.0.30,30,,,
Barr Brands,vmware-view,10.100.0.46,30,,,
Barr Brands,vmware-view,10.100.0.55,30,,,
Barr Brands,vmware-view,10.100.0.151,30,,,
Barr Brands,vmware-view,10.100.0.192,30,,,
Barr Brands,vmware-view,10.100.0.247,30,,,
Barr Brands,vmware-view,10.100.0.38,29,,,
Barr Brands,vmware-view,10.100.0.83,29,,,
Barr Brands,vmware-view,10.100.0.133,29,,,
Barr Brands,vmware-view,10.1.9.23,28,,,
Barr Brands,vmware-view,10.100.0.19,28,,,
Barr Brands,vmware-view,10.100.0.32,28,,,
Barr Brands,vmware-view,10.100.0.47,28,,,
Barr Brands,vmware-view,10.100.0.59,28,,,
Barr Brands,vmware-view,10.100.0.97,28,,,
Barr Brands,vmware-view,10.100.0.108,28,,,
Barr Brands,vmware-view,10.100.0.22,27,,,
Barr Brands,vmware-view,10.100.0.52,27,,,
Barr Brands,vmware-view,10.100.0.65,27,,,
Barr Brands,vmware-view,10.100.0.70,27,,,
Barr Brands,vmware-view,10.100.0.82,27,,,
Barr Brands,vmware-view,10.100.0.92,27,,,
Barr Brands,vmware-view,10.100.0.94,27,,,
Barr Brands,vmware-view,10.100.0.115,27,,,
Barr Brands,vmware-view,10.100.0.153,27,,,
Barr Brands,vmware-view,10.100.0.181,27,,,
Barr Brands,vmware-view,10.100.0.222,27,,,
Barr Brands,vmware-view,10.1.9.17,26,,,
Barr Brands,vmware-view,10.1.9.71,26,,,
Barr Brands,vmware-view,10.100.0.39,26,,,
Barr Brands,vmware-view,10.100.0.58,26,,,
Barr Brands,vmware-view,10.100.0.86,26,,,
Barr Brands,vmware-view,10.100.0.87,26,,,
Barr Brands,vmware-view,10.100.0.143,26,,,
Barr Brands,vmware-view,10.100.0.164,26,,,
Barr Brands,vmware-view,10.100.0.230,26,,,
Barr Brands,vmware-view,172.18.11.29,26,,,
Barr Brands,vmware-view,10.100.0.7,25,,,
Barr Brands,vmware-view,10.100.0.21,25,,,
Barr Brands,vmware-view,10.100.0.24,25,,,
Barr Brands,vmware-view,10.100.0.36,25,,,
Barr Brands,vmware-view,10.100.0.50,25,,,
Barr Brands,vmware-view,10.100.0.71,25,,,
Barr Brands,vmware-view,10.100.0.72,25,,,
Barr Brands,vmware-view,10.100.0.89,25,,,
Barr Brands,vmware-view,10.100.0.105,25,,,
Barr Brands,vmware-view,10.100.0.160,25,,,
Barr Brands,vmware-view,10.100.0.202,25,,,
Barr Brands,vmware-view,10.100.0.205,25,,,
Barr Brands,vmware-view,10.100.0.219,25,,,
Barr Brands,vmware-view,10.100.0.248,25,,,
Barr Brands,vmware-view,10.1.9.51,24,,,
Barr Brands,vmware-view,10.100.0.29,24,,,
Barr Brands,vmware-view,10.100.0.60,24,,,
Barr Brands,vmware-view,10.100.0.63,24,,,
Barr Brands,vmware-view,10.100.0.88,24,,,
Barr Brands,vmware-view,10.100.0.114,24,,,
Barr Brands,vmware-view,10.100.0.130,24,,,
Barr Brands,vmware-view,10.100.0.170,24,,,
Barr Brands,vmware-view,10.100.0.180,24,,,
Barr Brands,vmware-view,10.100.0.187,24,,,
Barr Brands,vmware-view,10.100.0.189,24,,,
Barr Brands,vmware-view,10.100.0.197,24,,,
Barr Brands,vmware-view,10.100.0.229,24,,,
Barr Brands,vmware-view,10.100.0.240,24,,,
Barr Brands,vmware-view,10.100.0.253,24,,,
Barr Brands,vmware-view,10.100.0.54,23,,,
Barr Brands,vmware-view,10.100.0.61,23,,,
Barr Brands,vmware-view,10.100.0.66,23,,,
Barr Brands,vmware-view,10.100.0.90,23,,,
Barr Brands,vmware-view,10.100.0.93,23,,,
Barr Brands,vmware-view,10.100.0.145,23,,,
Barr Brands,vmware-view,10.100.0.158,23,,,
Barr Brands,vmware-view,10.100.0.209,23,,,
Barr Brands,vmware-view,10.100.0.218,23,,,
Barr Brands,vmware-view,10.100.0.225,23,,,
Barr Brands,vmware-view,10.100.0.252,23,,,
Barr Brands,vmware-view,10.100.0.49,22,,,
Barr Brands,vmware-view,10.100.0.102,22,,,
Barr Brands,vmware-view,10.100.0.107,22,,,
Barr Brands,vmware-view,10.100.0.139,22,,,
Barr Brands,vmware-view,10.100.0.155,22,,,
Barr Brands,vmware-view,10.100.0.161,22,,,
Barr Brands,vmware-view,10.100.0.173,22,,,
Barr Brands,vmware-view,10.100.0.178,22,,,
Barr Brands,vmware-view,10.100.0.186,22,,,
Barr Brands,vmware-view,10.100.0.224,22,,,
Barr Brands,vmware-view,10.100.0.231,22,,,
Barr Brands,vmware-view,10.100.0.251,22,,,
Barr Brands,vmware-view,10.100.0.254,22,,,
Barr Brands,vmware-view,10.200.0.48,22,,,
Barr Brands,vmware-view,10.200.0.189,22,,,
Barr Brands,vmware-view,192.168.1.77,22,,,
Barr Brands,vmware-view,10.100.0.2,21,,,
Barr Brands,vmware-view,10.100.0.25,21,,,
Barr Brands,vmware-view,10.100.0.62,21,,,
Barr Brands,vmware-view,10.100.0.99,21,,,
Barr Brands,vmware-view,10.100.0.125,21,,,
Barr Brands,vmware-view,10.100.0.144,21,,,
Barr Brands,vmware-view,10.100.0.179,21,,,
Barr Brands,vmware-view,10.100.0.193,21,,,
Barr Brands,vmware-view,10.100.0.201,21,,,
Barr Brands,vmware-view,10.100.0.207,21,,,
Barr Brands,vmware-view,10.100.0.214,21,,,
Barr Brands,vmware-view,10.100.0.226,21,,,
Barr Brands,vmware-view,10.100.0.241,21,,,
Barr Brands,vmware-view,10.1.9.33,20,,,
Barr Brands,vmware-view,10.1.9.62,20,,,
Barr Brands,vmware-view,10.100.0.11,20,,,
Barr Brands,vmware-view,10.100.0.12,20,,,
Barr Brands,vmware-view,10.100.0.23,20,,,
Barr Brands,vmware-view,10.100.0.53,20,,,
Barr Brands,vmware-view,10.100.0.64,20,,,
Barr Brands,vmware-view,10.100.0.95,20,,,
Barr Brands,vmware-view,10.100.0.116,20,,,
Barr Brands,vmware-view,10.100.0.154,20,,,
Barr Brands,vmware-view,10.100.0.196,20,,,
Barr Brands,vmware-view,10.100.0.216,20,,,
Barr Brands,vmware-view,10.100.0.223,20,,,
Barr Brands,vmware-view,10.100.0.235,20,,,
Barr Brands,vmware-view,10.100.0.35,19,,,
Barr Brands,vmware-view,10.100.0.51,19,,,
Barr Brands,vmware-view,10.100.0.67,19,,,
Barr Brands,vmware-view,10.100.0.75,19,,,
Barr Brands,vmware-view,10.100.0.78,19,,,
Barr Brands,vmware-view,10.100.0.81,19,,,
Barr Brands,vmware-view,10.100.0.84,19,,,
Barr Brands,vmware-view,10.100.0.131,19,,,
Barr Brands,vmware-view,10.100.0.135,19,,,
Barr Brands,vmware-view,10.100.0.136,19,,,
Barr Brands,vmware-view,10.100.0.141,19,,,
Barr Brands,vmware-view,10.100.0.142,19,,,
Barr Brands,vmware-view,10.100.0.185,19,,,
Barr Brands,vmware-view,10.100.0.208,19,,,
Barr Brands,vmware-view,10.100.0.210,19,,,
Barr Brands,vmware-view,10.1.9.31,18,,,
Barr Brands,vmware-view,10.1.9.34,18,,,
Barr Brands,vmware-view,10.100.0.4,18,,,
Barr Brands,vmware-view,10.100.0.44,18,,,
Barr Brands,vmware-view,10.100.0.45,18,,,
Barr Brands,vmware-view,10.100.0.56,18,,,
Barr Brands,vmware-view,10.100.0.79,18,,,
Barr Brands,vmware-view,10.100.0.123,18,,,
Barr Brands,vmware-view,10.100.0.126,18,,,
Barr Brands,vmware-view,10.100.0.166,18,,,
Barr Brands,vmware-view,10.100.0.171,18,,,
Barr Brands,vmware-view,10.100.0.174,18,,,
Barr Brands,vmware-view,10.100.0.175,18,,,
Barr Brands,vmware-view,10.100.0.195,18,,,
Barr Brands,vmware-view,10.100.0.227,18,,,
Barr Brands,vmware-view,10.100.0.232,18,,,
Barr Brands,vmware-view,10.200.0.211,18,,,
Barr Brands,vmware-view,192.168.1.16,18,,,
Barr Brands,vmware-view,192.168.1.17,18,,,
Barr Brands,vmware-view,192.168.1.246,18,,,
Barr Brands,vmware-view,10.100.0.16,17,,,
Barr Brands,vmware-view,10.100.0.31,17,,,
Barr Brands,vmware-view,10.100.0.33,17,,,
Barr Brands,vmware-view,10.100.0.69,17,,,
Barr Brands,vmware-view,10.100.0.76,17,,,
Barr Brands,vmware-view,10.100.0.80,17,,,
Barr Brands,vmware-view,10.100.0.101,17,,,
Barr Brands,vmware-view,10.100.0.113,17,,,
Barr Brands,vmware-view,10.100.0.117,17,,,
Barr Brands,vmware-view,10.100.0.121,17,,,
Barr Brands,vmware-view,10.100.0.122,17,,,
Barr Brands,vmware-view,10.100.0.128,17,,,
Barr Brands,vmware-view,10.100.0.129,17,,,
Barr Brands,vmware-view,10.100.0.138,17,,,
Barr Brands,vmware-view,10.100.0.167,17,,,
Barr Brands,vmware-view,10.100.0.169,17,,,
Barr Brands,vmware-view,10.100.0.203,17,,,
Barr Brands,vmware-view,10.100.0.204,17,,,
Barr Brands,vmware-view,10.100.0.220,17,,,
Barr Brands,vmware-view,10.100.0.238,17,,,
Barr Brands,vmware-view,10.200.0.16,17,,,
Barr Brands,vmware-view,10.200.0.170,17,,,
Barr Brands,vmware-view,10.200.0.191,17,,,
Barr Brands,vmware-view,10.100.0.37,16,,,
Barr Brands,vmware-view,10.100.0.100,16,,,
Barr Brands,vmware-view,10.100.0.106,16,,,
Barr Brands,vmware-view,10.100.0.124,16,,,
Barr Brands,vmware-view,10.100.0.152,16,,,
Barr Brands,vmware-view,10.100.0.163,16,,,
Barr Brands,vmware-view,10.100.0.182,16,,,
Barr Brands,vmware-view,10.100.0.184,16,,,
Barr Brands,vmware-view,10.100.0.190,16,,,
Barr Brands,vmware-view,10.100.0.199,16,,,
Barr Brands,vmware-view,10.100.0.206,16,,,
Barr Brands,vmware-view,10.100.0.213,16,,,
Barr Brands,vmware-view,10.100.0.215,16,,,
Barr Brands,vmware-view,10.100.0.221,16,,,
Barr Brands,vmware-view,10.100.0.239,16,,,
Barr Brands,vmware-view,10.100.0.242,16,,,
Barr Brands,vmware-view,10.200.0.9,16,,,
Barr Brands,vmware-view,10.200.0.19,16,,,
Barr Brands,vmware-view,10.200.0.21,16,,,
Barr Brands,vmware-view,10.200.0.29,16,,,
Barr Brands,vmware-view,10.200.0.32,16,,,
Barr Brands,vmware-view,10.200.0.34,16,,,
Barr Brands,vmware-view,10.200.0.41,16,,,
Barr Brands,vmware-view,10.200.0.83,16,,,
Barr Brands,vmware-view,10.200.0.124,16,,,
Barr Brands,vmware-view,10.200.0.147,16,,,
Barr Brands,vmware-view,10.100.0.3,15,,,
Barr Brands,vmware-view,10.100.0.41,15,,,
Barr Brands,vmware-view,10.100.0.91,15,,,
Barr Brands,vmware-view,10.100.0.137,15,,,
Barr Brands,vmware-view,10.100.0.168,15,,,
Barr Brands,vmware-view,10.100.0.172,15,,,
Barr Brands,vmware-view,10.100.0.211,15,,,
Barr Brands,vmware-view,10.100.0.244,15,,,
Barr Brands,vmware-view,10.200.0.7,15,,,
Barr Brands,vmware-view,10.200.0.81,15,,,
Barr Brands,vmware-view,10.200.0.119,15,,,
Barr Brands,vmware-view,10.200.0.125,15,,,
Barr Brands,vmware-view,10.200.0.130,15,,,
Barr Brands,vmware-view,10.200.0.135,15,,,
Barr Brands,vmware-view,10.200.0.142,15,,,
Barr Brands,vmware-view,10.200.0.144,15,,,
Barr Brands,vmware-view,10.1.9.10,14,,,
Barr Brands,vmware-view,10.100.0.120,14,,,
Barr Brands,vmware-view,10.100.0.134,14,,,
Barr Brands,vmware-view,10.100.0.146,14,,,
Barr Brands,vmware-view,10.100.0.162,14,,,
Barr Brands,vmware-view,10.100.0.165,14,,,
Barr Brands,vmware-view,10.100.0.212,14,,,
Barr Brands,vmware-view,10.100.0.234,14,,,
Barr Brands,vmware-view,10.100.0.236,14,,,
Barr Brands,vmware-view,10.200.0.12,14,,,
Barr Brands,vmware-view,10.200.0.20,14,,,
Barr Brands,vmware-view,10.200.0.24,14,,,
Barr Brands,vmware-view,10.200.0.39,14,,,
Barr Brands,vmware-view,10.200.0.61,14,,,
Barr Brands,vmware-view,10.200.0.86,14,,,
Barr Brands,vmware-view,10.200.0.96,14,,,
Barr Brands,vmware-view,10.200.0.128,14,,,
Barr Brands,vmware-view,10.200.0.131,14,,,
Barr Brands,vmware-view,10.200.0.137,14,,,
Barr Brands,vmware-view,10.200.0.146,14,,,
Barr Brands,vmware-view,10.200.0.160,14,,,
Barr Brands,vmware-view,10.200.0.176,14,,,
Barr Brands,vmware-view,10.100.0.20,13,,,
Barr Brands,vmware-view,10.100.0.73,13,,,
Barr Brands,vmware-view,10.100.0.96,13,,,
Barr Brands,vmware-view,10.100.0.98,13,,,
Barr Brands,vmware-view,10.100.0.103,13,,,
Barr Brands,vmware-view,10.100.0.111,13,,,
Barr Brands,vmware-view,10.100.0.140,13,,,
Barr Brands,vmware-view,10.100.0.148,13,,,
Barr Brands,vmware-view,10.100.0.176,13,,,
Barr Brands,vmware-view,10.100.0.183,13,,,
Barr Brands,vmware-view,10.100.0.217,13,,,
Barr Brands,vmware-view,10.200.0.27,13,,,
Barr Brands,vmware-view,10.200.0.28,13,,,
Barr Brands,vmware-view,10.200.0.37,13,,,
Barr Brands,vmware-view,10.200.0.43,13,,,
Barr Brands,vmware-view,10.200.0.57,13,,,
Barr Brands,vmware-view,10.200.0.64,13,,,
Barr Brands,vmware-view,10.200.0.91,13,,,
Barr Brands,vmware-view,10.200.0.105,13,,,
Barr Brands,vmware-view,10.200.0.115,13,,,
Barr Brands,vmware-view,10.200.0.121,13,,,
Barr Brands,vmware-view,10.200.0.122,13,,,
Barr Brands,vmware-view,10.200.0.150,13,,,
Barr Brands,vmware-view,10.200.0.186,13,,,
Barr Brands,vmware-view,10.200.0.198,13,,,
Barr Brands,vmware-view,10.200.0.216,13,,,
Barr Brands,vmware-view,10.200.0.246,13,,,
Barr Brands,vmware-view,10.1.9.4,12,,,
Barr Brands,vmware-view,10.1.9.13,12,,,
Barr Brands,vmware-view,10.1.9.21,12,,,
Barr Brands,vmware-view,10.100.0.74,12,,,
Barr Brands,vmware-view,10.100.0.127,12,,,
Barr Brands,vmware-view,10.100.0.147,12,,,
Barr Brands,vmware-view,10.100.0.157,12,,,
Barr Brands,vmware-view,10.100.0.194,12,,,
Barr Brands,vmware-view,10.200.0.3,12,,,
Barr Brands,vmware-view,10.200.0.31,12,,,
Barr Brands,vmware-view,10.200.0.46,12,,,
Barr Brands,vmware-view,10.200.0.56,12,,,
Barr Brands,vmware-view,10.200.0.67,12,,,
Barr Brands,vmware-view,10.200.0.70,12,,,
Barr Brands,vmware-view,10.200.0.76,12,,,
Barr Brands,vmware-view,10.200.0.87,12,,,
Barr Brands,vmware-view,10.200.0.94,12,,,
Barr Brands,vmware-view,10.200.0.100,12,,,
Barr Brands,vmware-view,10.200.0.112,12,,,
Barr Brands,vmware-view,10.200.0.134,12,,,
Barr Brands,vmware-view,10.200.0.136,12,,,
Barr Brands,vmware-view,10.200.0.141,12,,,
Barr Brands,vmware-view,10.200.0.173,12,,,
Barr Brands,vmware-view,10.200.0.177,12,,,
Barr Brands,vmware-view,10.200.0.185,12,,,
Barr Brands,vmware-view,10.200.0.219,12,,,
Barr Brands,vmware-view,172.18.11.8,12,,,
Barr Brands,vmware-view,172.19.10.15,12,,,
Barr Brands,vmware-view,10.100.0.188,11,,,
Barr Brands,vmware-view,10.100.0.249,11,,,
Barr Brands,vmware-view,10.200.0.5,11,,,
Barr Brands,vmware-view,10.200.0.17,11,,,
Barr Brands,vmware-view,10.200.0.18,11,,,
Barr Brands,vmware-view,10.200.0.25,11,,,
Barr Brands,vmware-view,10.200.0.49,11,,,
Barr Brands,vmware-view,10.200.0.58,11,,,
Barr Brands,vmware-view,10.200.0.71,11,,,
Barr Brands,vmware-view,10.200.0.72,11,,,
Barr Brands,vmware-view,10.200.0.73,11,,,
Barr Brands,vmware-view,10.200.0.80,11,,,
Barr Brands,vmware-view,10.200.0.84,11,,,
Barr Brands,vmware-view,10.200.0.102,11,,,
Barr Brands,vmware-view,10.200.0.111,11,,,
Barr Brands,vmware-view,10.200.0.133,11,,,
Barr Brands,vmware-view,10.200.0.153,11,,,
Barr Brands,vmware-view,10.200.0.159,11,,,
Barr Brands,vmware-view,10.200.0.165,11,,,
Barr Brands,vmware-view,10.200.0.169,11,,,
Barr Brands,vmware-view,10.200.0.184,11,,,
Barr Brands,vmware-view,10.200.0.188,11,,,
Barr Brands,vmware-view,10.200.0.194,11,,,
Barr Brands,vmware-view,10.200.0.201,11,,,
Barr Brands,vmware-view,10.200.0.202,11,,,
Barr Brands,vmware-view,10.200.0.205,11,,,
Barr Brands,vmware-view,10.200.0.239,11,,,
Barr Brands,vmware-view,10.1.9.2,10,,,
Barr Brands,vmware-view,10.1.9.20,10,,,
Barr Brands,vmware-view,10.1.9.65,10,,,
Barr Brands,vmware-view,10.1.9.72,10,,,
Barr Brands,vmware-view,10.100.0.109,10,,,
Barr Brands,vmware-view,10.100.0.112,10,,,
Barr Brands,vmware-view,10.100.0.159,10,,,
Barr Brands,vmware-view,10.100.0.245,10,,,
Barr Brands,vmware-view,10.200.0.6,10,,,
Barr Brands,vmware-view,10.200.0.8,10,,,
Barr Brands,vmware-view,10.200.0.10,10,,,
Barr Brands,vmware-view,10.200.0.30,10,,,
Barr Brands,vmware-view,10.200.0.33,10,,,
Barr Brands,vmware-view,10.200.0.40,10,,,
Barr Brands,vmware-view,10.200.0.53,10,,,
Barr Brands,vmware-view,10.200.0.62,10,,,
Barr Brands,vmware-view,10.200.0.63,10,,,
Barr Brands,vmware-view,10.200.0.68,10,,,
Barr Brands,vmware-view,10.200.0.69,10,,,
Barr Brands,vmware-view,10.200.0.77,10,,,
Barr Brands,vmware-view,10.200.0.85,10,,,
Barr Brands,vmware-view,10.200.0.89,10,,,
Barr Brands,vmware-view,10.200.0.98,10,,,
Barr Brands,vmware-view,10.200.0.114,10,,,
Barr Brands,vmware-view,10.200.0.118,10,,,
Barr Brands,vmware-view,10.200.0.156,10,,,
Barr Brands,vmware-view,10.200.0.163,10,,,
Barr Brands,vmware-view,10.200.0.206,10,,,
Barr Brands,vmware-view,10.200.0.210,10,,,
Barr Brands,vmware-view,10.200.0.214,10,,,
Barr Brands,vmware-view,10.200.0.220,10,,,
Barr Brands,vmware-view,10.200.0.230,10,,,
Barr Brands,vmware-view,10.200.0.247,10,,,
Barr Brands,vmware-view,192.168.1.51,10,,,
Barr Brands,vmware-view,10.100.0.110,9,,,
Barr Brands,vmware-view,10.200.0.13,9,,,
Barr Brands,vmware-view,10.200.0.22,9,,,
Barr Brands,vmware-view,10.200.0.23,9,,,
Barr Brands,vmware-view,10.200.0.26,9,,,
Barr Brands,vmware-view,10.200.0.51,9,,,
Barr Brands,vmware-view,10.200.0.90,9,,,
Barr Brands,vmware-view,10.200.0.99,9,,,
Barr Brands,vmware-view,10.200.0.123,9,,,
Barr Brands,vmware-view,10.200.0.140,9,,,
Barr Brands,vmware-view,10.200.0.149,9,,,
Barr Brands,vmware-view,10.200.0.155,9,,,
Barr Brands,vmware-view,10.200.0.161,9,,,
Barr Brands,vmware-view,10.200.0.167,9,,,
Barr Brands,vmware-view,10.200.0.168,9,,,
Barr Brands,vmware-view,10.200.0.179,9,,,
Barr Brands,vmware-view,10.200.0.187,9,,,
Barr Brands,vmware-view,10.200.0.203,9,,,
Barr Brands,vmware-view,10.1.9.9,8,,,
Barr Brands,vmware-view,10.1.9.29,8,,,
Barr Brands,vmware-view,10.1.9.39,8,,,
Barr Brands,vmware-view,10.100.0.119,8,,,
Barr Brands,vmware-view,10.100.0.191,8,,,
Barr Brands,vmware-view,10.100.0.237,8,,,
Barr Brands,vmware-view,10.100.0.250,8,,,
Barr Brands,vmware-view,10.200.0.2,8,,,
Barr Brands,vmware-view,10.200.0.14,8,,,
Barr Brands,vmware-view,10.200.0.47,8,,,
Barr Brands,vmware-view,10.200.0.65,8,,,
Barr Brands,vmware-view,10.200.0.74,8,,,
Barr Brands,vmware-view,10.200.0.75,8,,,
Barr Brands,vmware-view,10.200.0.78,8,,,
Barr Brands,vmware-view,10.200.0.79,8,,,
Barr Brands,vmware-view,10.200.0.95,8,,,
Barr Brands,vmware-view,10.200.0.101,8,,,
Barr Brands,vmware-view,10.200.0.104,8,,,
Barr Brands,vmware-view,10.200.0.109,8,,,
Barr Brands,vmware-view,10.200.0.127,8,,,
Barr Brands,vmware-view,10.200.0.154,8,,,
Barr Brands,vmware-view,10.200.0.157,8,,,
Barr Brands,vmware-view,10.200.0.158,8,,,
Barr Brands,vmware-view,10.200.0.164,8,,,
Barr Brands,vmware-view,10.200.0.166,8,,,
Barr Brands,vmware-view,10.200.0.175,8,,,
Barr Brands,vmware-view,10.200.0.200,8,,,
Barr Brands,vmware-view,10.200.0.209,8,,,
Barr Brands,vmware-view,10.200.0.213,8,,,
Barr Brands,vmware-view,10.200.0.223,8,,,
Barr Brands,vmware-view,10.200.0.231,8,,,
Barr Brands,vmware-view,10.200.0.240,8,,,
Barr Brands,vmware-view,10.200.0.242,8,,,
Barr Brands,vmware-view,10.200.0.245,8,,,
Barr Brands,vmware-view,10.200.0.248,8,,,
Barr Brands,vmware-view,172.18.11.11,8,,,
Barr Brands,vmware-view,10.200.0.36,7,,,
Barr Brands,vmware-view,10.200.0.38,7,,,
Barr Brands,vmware-view,10.200.0.42,7,,,
Barr Brands,vmware-view,10.200.0.44,7,,,
Barr Brands,vmware-view,10.200.0.45,7,,,
Barr Brands,vmware-view,10.200.0.59,7,,,
Barr Brands,vmware-view,10.200.0.60,7,,,
Barr Brands,vmware-view,10.200.0.107,7,,,
Barr Brands,vmware-view,10.200.0.117,7,,,
Barr Brands,vmware-view,10.200.0.120,7,,,
Barr Brands,vmware-view,10.200.0.126,7,,,
Barr Brands,vmware-view,10.200.0.192,7,,,
Barr Brands,vmware-view,10.200.0.195,7,,,
Barr Brands,vmware-view,10.200.0.196,7,,,
Barr Brands,vmware-view,10.200.0.208,7,,,
Barr Brands,vmware-view,10.200.0.212,7,,,
Barr Brands,vmware-view,10.200.0.215,7,,,
Barr Brands,vmware-view,10.200.0.221,7,,,
Barr Brands,vmware-view,10.200.0.250,7,,,
Barr Brands,vmware-view,10.1.9.40,6,,,
Barr Brands,vmware-view,10.1.9.43,6,,,
Barr Brands,vmware-view,10.1.9.45,6,,,
Barr Brands,vmware-view,10.200.0.4,6,,,
Barr Brands,vmware-view,10.200.0.11,6,,,
Barr Brands,vmware-view,10.200.0.15,6,,,
Barr Brands,vmware-view,10.200.0.35,6,,,
Barr Brands,vmware-view,10.200.0.50,6,,,
Barr Brands,vmware-view,10.200.0.54,6,,,
Barr Brands,vmware-view,10.200.0.55,6,,,
Barr Brands,vmware-view,10.200.0.88,6,,,
Barr Brands,vmware-view,10.200.0.93,6,,,
Barr Brands,vmware-view,10.200.0.108,6,,,
Barr Brands,vmware-view,10.200.0.145,6,,,
Barr Brands,vmware-view,10.200.0.152,6,,,
Barr Brands,vmware-view,10.200.0.172,6,,,
Barr Brands,vmware-view,10.200.0.181,6,,,
Barr Brands,vmware-view,10.200.0.197,6,,,
Barr Brands,vmware-view,10.200.0.204,6,,,
Barr Brands,vmware-view,10.200.0.207,6,,,
Barr Brands,vmware-view,10.200.0.218,6,,,
Barr Brands,vmware-view,10.200.0.222,6,,,
Barr Brands,vmware-view,10.200.0.226,6,,,
Barr Brands,vmware-view,10.200.0.228,6,,,
Barr Brands,vmware-view,10.200.0.233,6,,,
Barr Brands,vmware-view,10.200.0.235,6,,,
Barr Brands,vmware-view,10.200.0.237,6,,,
Barr Brands,vmware-view,10.200.0.238,6,,,
Barr Brands,vmware-view,10.200.0.243,6,,,
Barr Brands,vmware-view,172.18.11.3,6,,,
Barr Brands,vmware-view,172.18.11.40,6,,,
Barr Brands,vmware-view,192.168.1.18,6,,,
Barr Brands,vmware-view,10.200.0.82,5,,,
Barr Brands,vmware-view,10.200.0.92,5,,,
Barr Brands,vmware-view,10.200.0.97,5,,,
Barr Brands,vmware-view,10.200.0.132,5,,,
Barr Brands,vmware-view,10.200.0.138,5,,,
Barr Brands,vmware-view,10.200.0.148,5,,,
Barr Brands,vmware-view,10.200.0.162,5,,,
Barr Brands,vmware-view,10.200.0.190,5,,,
Barr Brands,vmware-view,10.200.0.199,5,,,
Barr Brands,vmware-view,10.200.0.217,5,,,
Barr Brands,vmware-view,10.200.0.224,5,,,
Barr Brands,vmware-view,10.200.0.227,5,,,
Barr Brands,vmware-view,10.200.0.229,5,,,
Barr Brands,vmware-view,10.200.0.232,5,,,
Barr Brands,vmware-view,10.200.0.236,5,,,
Barr Brands,vmware-view,10.200.0.241,5,,,
Barr Brands,vmware-view,10.200.0.249,5,,,
Barr Brands,vmware-view,10.200.0.253,5,,,
Barr Brands,vmware-view,10.200.0.254,5,,,
Barr Brands,vmware-view,10.1.9.12,4,,,
Barr Brands,vmware-view,10.1.9.59,4,,,
Barr Brands,vmware-view,10.200.0.52,4,,,
Barr Brands,vmware-view,10.200.0.66,4,,,
Barr Brands,vmware-view,10.200.0.103,4,,,
Barr Brands,vmware-view,10.200.0.113,4,,,
Barr Brands,vmware-view,10.200.0.116,4,,,
Barr Brands,vmware-view,10.200.0.129,4,,,
Barr Brands,vmware-view,10.200.0.151,4,,,
Barr Brands,vmware-view,10.200.0.171,4,,,
Barr Brands,vmware-view,10.200.0.178,4,,,
Barr Brands,vmware-view,10.200.0.183,4,,,
Barr Brands,vmware-view,10.200.0.193,4,,,
Barr Brands,vmware-view,10.200.0.225,4,,,
Barr Brands,vmware-view,10.200.0.234,4,,,
Barr Brands,vmware-view,10.200.0.252,4,,,
Barr Brands,vmware-view,172.18.11.2,4,,,
Barr Brands,vmware-view,172.18.11.7,4,,,
Barr Brands,vmware-view,10.200.0.110,3,,,
Barr Brands,vmware-view,10.200.0.139,3,,,
Barr Brands,vmware-view,10.200.0.174,3,,,
Barr Brands,vmware-view,10.200.0.182,3,,,
Barr Brands,vmware-view,10.200.0.251,3,,,
Barr Brands,vmware-view,10.1.8.200,2,,,
Barr Brands,vmware-view,10.1.9.38,2,,,
Barr Brands,vmware-view,10.200.0.180,2,,,
Barr Brands,vmware-view,172.18.11.5,2,,,
Barr Brands,vmware-view,172.18.11.10,2,,,
Barr Brands,vmware-view,172.18.11.14,2,,,
Barr Brands,vmware-view,172.18.11.16,2,,,
Barr Brands,vmware-view,172.18.11.18,2,,,
Barr Brands,vmware-view,172.18.11.25,2,,,
Barr Brands,vmware-view,172.19.10.16,2,,,
Barr Brands,vmware-view,10.200.0.143,1,,,
Barr Brands,vmware,192.168.1.232,275,,,
Barr Brands,vmware,172.20.15.150,271,,,
Barr Brands,vmware,172.20.15.110,264,,,
Barr Brands,vmware,10.100.0.204,31,,,
Barr Brands,vmware,10.100.0.165,28,,,
Barr Brands,vmware,10.100.0.223,26,,,
Barr Brands,vmware,10.100.0.26,19,,,
Barr Brands,vmware,10.100.0.96,19,,,
Barr Brands,vmware,10.100.0.239,18,,,
Barr Brands,vmware,172.20.11.110,16,,,
Barr Brands,vmware,10.100.0.182,15,,,
Barr Brands,vmware,10.100.0.114,13,,,
Barr Brands,vmware,10.200.0.156,12,,,
Barr Brands,vmware,10.100.0.84,11,,,
Barr Brands,vmware,10.100.0.241,11,,,
Barr Brands,vmware,10.100.0.203,9,,,
Barr Brands,vmware,10.200.0.171,9,,,
Barr Brands,vmware,10.100.0.146,8,,,
Barr Brands,vmware,172.18.11.11,8,,,
Barr Brands,vmware,10.100.0.116,7,,,
Barr Brands,vmware,10.100.0.31,6,,,
Barr Brands,vmware,10.100.0.75,6,,,
Barr Brands,vmware,10.100.0.122,6,,,
Barr Brands,vmware,10.100.0.11,5,,,
Barr Brands,vmware,10.100.0.53,5,,,
Barr Brands,vmware,10.100.0.112,5,,,
Barr Brands,vmware,10.100.0.121,5,,,
Barr Brands,vmware,10.100.0.28,4,,,
Barr Brands,vmware,10.100.0.77,4,,,
Barr Brands,vmware,10.100.0.10,3,,,
Barr Brands,vmware,10.100.0.40,3,,,
Barr Brands,vmware,10.100.0.83,3,,,
Barr Brands,vmware,10.100.0.200,3,,,
Barr Brands,vmware,10.100.0.24,2,,,
Barr Brands,vmware,10.100.0.99,2,,,
Barr Brands,vmware,10.200.0.161,2,,,
Barr Brands,vmware,172.20.11.223,2,,,
Barr Brands,vmware,10.100.0.74,1,,,
Barr Brands,vmware,10.100.0.81,1,,,
Barr Brands,vmware,10.100.0.93,1,,,
Barr Brands,vmware,10.100.0.101,1,,,
Barr Brands,vmware,10.100.0.131,1,,,
Barr Brands,vmware,10.100.0.175,1,,,
Barr Brands,vmware,10.100.0.186,1,,,
Barr Brands,vmware,10.100.0.195,1,,,
Barr Brands,vmware,10.100.0.233,1,,,
Barr Brands,vmware,10.100.0.253,1,,,
Barr Brands,salesforce-base,172.20.11.110,30,,,
Barr Brands,salesforce-base,172.20.12.150,7,,,
Barr Brands,salesforce-base,172.18.11.8,6,,,
Barr Brands,salesforce-base,172.20.11.65,4,,,
Barr Brands,vmware-blast-extreme,10.200.0.121,15,,,
Barr Brands,vmware-blast-extreme,10.100.0.211,6,,,
Barr Brands,vmware-blast-extreme,10.100.0.46,3,,,
Barr Brands,vmware-blast-extreme,10.100.0.73,3,,,
Barr Brands,vmware-blast-extreme,10.200.0.41,3,,,
Barr Brands,vmware-blast-extreme,10.200.0.50,3,,,
Barr Brands,vmware-blast-extreme,10.200.0.253,3,,,
Barr Brands,vmware-carbon-black,172.18.11.75,15,,,
Barr Brands,vmware-carbon-black,172.18.11.15,8,,,
Grant Konvalinka & Harrison,vmware-carbon-black,192.168.1.82,"23,080",,,
Grant Konvalinka & Harrison,vmware-carbon-black,192.168.11.37,"3,368",,,
Grant Konvalinka & Harrison,vmware-carbon-black,192.168.11.140,590,,,
Grant Konvalinka & Harrison,vmware-carbon-black,192.168.1.93,381,,,
Grant Konvalinka & Harrison,vmware-carbon-black,192.168.11.74,158,,,
Grant Konvalinka & Harrison,vmware-carbon-black,192.168.11.115,50,,,
Grant Konvalinka & Harrison,vmware-carbon-black,192.168.11.83,30,,,
Grant Konvalinka & Harrison,ssl,192.168.11.74,1,,,
unknown,vmware,10.1.10.72,"2,901",,,
unknown,vmware,10.1.10.71,"2,871",,,
unknown,vmware,10.7.1.14,"2,804",,,
unknown,vmware,10.7.1.15,"2,804",,,
unknown,vmware,172.16.4.12,"2,560",,,
unknown,vmware,172.16.4.13,"2,553",,,
unknown,vmware,10.5.3.10,4,,,
unknown,vmware-view,192.168.87.36,393,,,
unknown,ssl,192.168.87.36,119,,,
"Leitner, Williams, Dooley and Napolitan",vmware-carbon-black,10.41.21.24,"8,330",,,
"Leitner, Williams, Dooley and Napolitan",vmware-carbon-black,192.168.20.33,738,,,
"Leitner, Williams, Dooley and Napolitan",vmware-carbon-black,192.168.20.28,736,,,
"Leitner, Williams, Dooley and Napolitan",vmware-carbon-black,10.41.64.16,12,,,
"Leitner, Williams, Dooley and Napolitan",vmware-carbon-black,192.168.241.17,3,,,
"Leitner, Williams, Dooley and Napolitan",ssl,10.20.128.109,2,,,
"Leitner, Williams, Dooley and Napolitan",ssl,10.20.128.88,1,,,
"Leitner, Williams, Dooley and Napolitan",ssl,10.30.128.50,1,,,
"Leitner, Williams, Dooley and Napolitan",vmware-view,192.168.20.13,2,,,
Stevens Aerospace,vmware-carbon-black,10.0.1.178,"4,295",,,
Stevens Aerospace,vmware-carbon-black,10.0.1.61,"3,343",,,
Stevens Aerospace,vmware-carbon-black,10.0.1.38,"1,043",,,
Cabarrus County,vmware-view,192.168.0.50,"5,384",,,EVEROL
Cabarrus County,vmware-view,172.30.223.42,4,,,
Cabarrus County,vmware-view,172.30.223.211,2,,,
Cabarrus County,vmware-carbon-black,172.30.221.247,270,,,
Cabarrus County,vmware-carbon-black,172.30.221.71,238,,,
Cabarrus County,vmware-carbon-black,172.30.223.34,202,,,
Cabarrus County,vmware-carbon-black,172.30.222.19,200,,,
Cabarrus County,vmware-carbon-black,10.11.81.11,89,,,
Cabarrus County,vmware-carbon-black,10.11.81.58,74,,,
Cabarrus County,vmware,10.2.2.100,483,,,
Cabarrus County,vmware,10.2.7.190,4,,,
Cabarrus County,vmware,192.168.72.209,4,,,
Cabarrus County,vmware,10.2.7.201,3,,,
Cabarrus County,vmware,10.2.6.40,2,,,
Cabarrus County,vmware,10.2.6.103,2,,,
Cabarrus County,vmware,10.2.6.204,2,,,
Cabarrus County,vmware,10.2.7.22,2,,,
Cabarrus County,vmware,10.2.7.42,2,,,
Cabarrus County,vmware,192.168.72.25,2,,,
Cabarrus County,vmware,10.2.6.12,1,,,
Cabarrus County,vmware,10.2.6.98,1,,,
Cabarrus County,vmware,10.2.6.201,1,,,
Cabarrus County,vmware,10.2.7.20,1,,,
Cabarrus County,vmware,10.2.7.23,1,,,
Cabarrus County,vmware,10.2.7.40,1,,,
Cabarrus County,vmware,10.2.7.84,1,,,
Cabarrus County,vmware,10.2.7.94,1,,,
Cabarrus County,vmware,10.2.7.95,1,,,
Cabarrus County,vmware,10.2.7.96,1,,,
Cabarrus County,vmware,10.2.7.97,1,,,
Cabarrus County,vmware,10.2.7.98,1,,,
Cabarrus County,vmware,10.2.7.203,1,,,
Cabarrus County,vmware,10.2.7.204,1,,,
Cabarrus County,vmware,10.2.7.216,1,,,
Cabarrus County,vmware,10.150.16.54,1,,,
Cabarrus County,vmware,10.150.16.62,1,,,
Cabarrus County,vmware,192.168.69.165,1,,,
Cabarrus County,vmware,192.168.72.11,1,,,
Cabarrus County,vmware,192.168.72.205,1,,,
Cabarrus County,web-browsing,10.9.9.153,23,,,
Cabarrus County,web-browsing,10.9.9.168,17,,,
Cabarrus County,web-browsing,10.9.9.155,7,,,
Cabarrus County,web-browsing,10.9.9.159,7,,,
Cabarrus County,web-browsing,10.10.2.68,7,,,
Cabarrus County,web-browsing,192.168.72.121,7,,,
Cabarrus County,web-browsing,192.168.73.28,6,,,
Cabarrus County,web-browsing,10.9.9.151,5,,,
Cabarrus County,web-browsing,10.9.9.154,5,,,
Cabarrus County,web-browsing,10.9.9.167,5,,,
Cabarrus County,web-browsing,10.9.9.203,5,,,
Cabarrus County,web-browsing,192.168.72.7,5,,,
Cabarrus County,web-browsing,192.168.72.90,4,,,
Cabarrus County,web-browsing,10.8.51.11,3,,,
Cabarrus County,web-browsing,10.9.9.156,3,,,
Cabarrus County,web-browsing,192.168.72.70,3,,,
Cabarrus County,web-browsing,192.168.72.198,3,,,
Cabarrus County,web-browsing,10.8.51.12,2,,,
Cabarrus County,web-browsing,10.8.51.14,2,,,
Cabarrus County,web-browsing,10.8.51.16,2,,,
Cabarrus County,web-browsing,10.9.9.226,2,,,
Cabarrus County,web-browsing,10.10.15.82,2,,,
Cabarrus County,web-browsing,192.168.72.188,2,,,
Cabarrus County,web-browsing,192.168.72.231,2,,,
Cabarrus County,web-browsing,10.8.51.13,1,,,
Cabarrus County,web-browsing,10.8.51.20,1,,,
Cabarrus County,web-browsing,10.8.51.186,1,,,
Cabarrus County,web-browsing,10.9.9.161,1,,,
Cabarrus County,web-browsing,10.9.9.223,1,,,
Cabarrus County,web-browsing,10.10.15.27,1,,,
Cabarrus County,web-browsing,10.10.15.89,1,,,
Cabarrus County,web-browsing,10.10.15.106,1,,,
Cabarrus County,web-browsing,10.10.15.200,1,,,
Cabarrus County,web-browsing,10.10.16.154,1,,,
Cabarrus County,web-browsing,10.10.16.156,1,,,
Cabarrus County,web-browsing,10.25.5.23,1,,,
Cabarrus County,web-browsing,10.129.6.130,1,,,
Cabarrus County,web-browsing,10.129.6.149,1,,,
Cabarrus County,web-browsing,192.168.70.171,1,,,
Cabarrus County,web-browsing,192.168.72.11,1,,,
Cabarrus County,web-browsing,192.168.72.25,1,,,
Cabarrus County,web-browsing,192.168.72.27,1,,,
Cabarrus County,web-browsing,192.168.72.146,1,,,
Cabarrus County,web-browsing,192.168.72.174,1,,,
Cabarrus County,web-browsing,192.168.72.175,1,,,
Cabarrus County,ssl,10.9.10.50,4,,,
Cabarrus County,ssl,10.9.255.25,3,,,
Cabarrus County,ssl,10.8.9.13,2,,,
Cabarrus County,ssl,10.8.9.33,2,,,
Cabarrus County,ssl,10.10.15.136,2,,,
Cabarrus County,ssl,10.10.16.167,2,,,
Cabarrus County,ssl,172.30.220.77,2,,,
Cabarrus County,ssl,172.30.220.155,2,,,
Cabarrus County,ssl,172.30.221.152,2,,,
Cabarrus County,ssl,10.8.9.191,1,,,
Cabarrus County,ssl,172.30.220.157,1,,,
New Jersey Urology,vmware-carbon-black,192.168.202.61,"2,709",,,
New Jersey Urology,vmware-carbon-black,192.168.202.119,"2,322",,,
New Jersey Urology,ssl,192.168.100.74,48,,,
New Jersey Urology,vmware,192.168.100.74,6,,,
Davenport Group,web-browsing,172.25.80.209,"1,490",,,
Davenport Group,web-browsing,172.25.81.60,679,,,
Davenport Group,web-browsing,172.25.81.114,440,,,
Davenport Group,web-browsing,172.25.81.157,414,,,
Davenport Group,web-browsing,172.25.81.189,206,,,
Davenport Group,web-browsing,172.25.96.48,168,,,
Davenport Group,web-browsing,172.25.81.102,83,,,
Davenport Group,web-browsing,172.25.89.31,83,,,
Davenport Group,web-browsing,172.25.88.38,81,,,
Davenport Group,web-browsing,172.25.96.246,73,,,
Davenport Group,web-browsing,172.25.101.100,53,,,
Davenport Group,web-browsing,172.25.80.76,48,,,
Davenport Group,web-browsing,172.25.96.121,41,,,
Davenport Group,web-browsing,172.25.89.14,40,,,
Davenport Group,web-browsing,172.25.88.145,37,,,
Davenport Group,web-browsing,172.25.96.87,33,,,
Davenport Group,web-browsing,172.25.96.30,27,,,
Davenport Group,web-browsing,172.25.88.23,20,,,
Davenport Group,web-browsing,172.25.80.65,16,,,
Davenport Group,web-browsing,172.25.80.72,15,,,
Davenport Group,web-browsing,172.25.102.40,15,,,
Davenport Group,web-browsing,172.25.81.24,12,,,
Davenport Group,web-browsing,172.25.101.115,12,,,
Davenport Group,web-browsing,172.25.80.225,11,,,
Davenport Group,web-browsing,172.25.81.119,11,,,
Davenport Group,web-browsing,172.25.88.70,11,,,
Davenport Group,web-browsing,172.25.98.18,10,,,
Davenport Group,web-browsing,172.25.101.168,9,,,
Davenport Group,web-browsing,172.25.81.6,8,,,
Davenport Group,web-browsing,172.25.81.99,5,,,
Davenport Group,web-browsing,172.25.103.243,5,,,
Davenport Group,web-browsing,172.25.88.60,4,,,
Davenport Group,web-browsing,172.25.88.245,3,,,
Davenport Group,web-browsing,172.25.80.91,2,,,
Davenport Group,web-browsing,172.25.88.194,2,,,
Davenport Group,web-browsing,172.25.81.197,1,,,
Davenport Group,salesforce-base,172.25.81.60,48,,,
Davenport Group,salesforce-base,172.25.81.102,18,,,
Davenport Group,salesforce-base,172.25.88.23,18,,,
Davenport Group,salesforce-base,172.25.81.189,13,,,
Davenport Group,salesforce-base,172.25.89.31,12,,,
Davenport Group,salesforce-base,172.25.88.38,9,,,
Davenport Group,salesforce-base,172.25.81.114,7,,,
Davenport Group,salesforce-base,172.25.81.157,7,,,
Davenport Group,salesforce-base,172.25.96.48,6,,,
Davenport Group,salesforce-base,172.25.88.145,5,,,
Davenport Group,salesforce-base,172.25.96.121,4,,,
Davenport Group,salesforce-base,172.25.101.168,3,,,
Davenport Group,salesforce-base,172.25.81.24,2,,,
Davenport Group,salesforce-base,172.25.96.246,2,,,
Davenport Group,salesforce-base,172.25.80.76,1,,,
Davenport Group,salesforce-base,172.25.88.60,1,,,
Davenport Group,salesforce-base,172.25.101.115,1,,,
Davenport Group,vmware-view,172.25.101.100,130,,,
Davenport Group,vmware-view,172.25.88.145,4,,,
Davenport Group,ssl,172.25.81.157,21,,,
Davenport Group,ssl,197.168.1.134,15,,,
Davenport Group,ssl,172.25.88.145,4,,,
Davenport Group,ssl,172.25.96.36,4,,,
Davenport Group,ssl,172.25.80.72,3,,,
Davenport Group,ssl,172.25.81.6,2,,,
Davenport Group,ssl,172.25.96.87,2,,,
Davenport Group,ssl,172.25.81.189,1,,,
Davenport Group,ssl,172.25.101.100,1,,,
Davenport Group,airwatch,172.25.80.65,1,,,
Davenport Group,airwatch,172.25.102.40,1,,,
Webb Sanders,vmware-carbon-black,10.1.15.60,"2,586",,,
Neal and Harwell,vmware-carbon-black,172.16.18.16,"1,384",,,
Neal and Harwell,vmware-carbon-black,172.16.18.5,22,,,
Neal and Harwell,vmware-view,192.168.1.191,62,,,
Neal and Harwell,vmware-view,192.168.1.192,43,,,
Neal and Harwell,vmware-view,192.168.1.183,39,,,
Neal and Harwell,vmware-view,192.168.1.114,25,,,
Neal and Harwell,vmware-view,192.168.1.109,21,,,
Neal and Harwell,vmware-view,192.168.1.198,21,,,
Neal and Harwell,vmware-view,192.168.1.185,19,,,
Neal and Harwell,vmware-view,192.168.1.182,17,,,
Neal and Harwell,ssl,172.16.17.43,2,,,
Neal and Harwell,ssl,192.168.1.165,2,,,
Sutterfield Financial Group,vmware,192.168.0.235,"1,540",,,
Sutterfield Financial Group,vmware,192.168.0.231,65,,,
Sutterfield Financial Group,vmware,192.168.10.5,8,,,
Sutterfield Financial Group,vmware,192.168.10.30,3,,,
Sutterfield Financial Group,vmware,192.168.10.6,2,,,
Sutterfield Financial Group,ssl,192.168.0.96,22,,,
Sutterfield Financial Group,ssl,192.168.0.90,6,,,
Hawley Nicholson law,vmware-carbon-black,10.0.0.77,"1,273",,,
Hawley Nicholson law,vmware-carbon-black,65.8.186.169,4,,,
Hawley Nicholson law,vmware-carbon-black,13.227.111.200,1,,,
Hawley Nicholson law,vmware-carbon-black,54.239.180.195,1,,,
Sterling Construction,vmware,10.130.144.10,"1,072",,,
Sterling Construction,vmware,10.130.56.22,88,,,
Sterling Construction,vmware,10.130.56.23,87,,,
Sterling Construction,vmware,10.130.56.211,2,,,
Sterling Construction,ssl,10.130.56.204,7,,,
Sterling Construction,ssl,10.130.56.197,4,,,
Sterling Construction,web-browsing,10.130.56.197,1,,,
McBrayer PLLC,vmware-view,192.168.1.161,139,,,
McBrayer PLLC,vmware-view,192.168.1.169,106,,,
McBrayer PLLC,vmware-view,192.168.1.114,104,,,
McBrayer PLLC,vmware-view,192.168.1.145,77,,,
McBrayer PLLC,vmware-view,192.168.1.204,74,,,
McBrayer PLLC,vmware-view,192.168.1.116,67,,,
McBrayer PLLC,vmware-view,192.168.1.197,35,,,
McBrayer PLLC,vmware-view,192.168.1.13,20,,,
McBrayer PLLC,vmware-view,192.168.1.218,17,,,
McBrayer PLLC,vmware-view,192.168.1.237,15,,,
McBrayer PLLC,vmware-view,192.168.1.39,13,,,
McBrayer PLLC,vmware-view,192.168.1.239,11,,,
McBrayer PLLC,vmware-view,192.168.13.131,11,,,
McBrayer PLLC,vmware-view,192.168.1.53,10,,,
McBrayer PLLC,vmware-view,192.168.1.155,10,,,
McBrayer PLLC,vmware-view,192.168.1.70,7,,,
McBrayer PLLC,vmware-view,192.168.1.201,7,,,
McBrayer PLLC,vmware-view,192.168.1.86,6,,,
McBrayer PLLC,vmware-view,192.168.1.230,6,,,
McBrayer PLLC,vmware-view,192.168.1.180,4,,,
McBrayer PLLC,vmware-view,192.168.1.216,4,,,
McBrayer PLLC,vmware-view,192.168.1.151,3,,,
McBrayer PLLC,vmware-view,192.168.1.154,3,,,
McBrayer PLLC,vmware-view,169.254.88.214,2,,,
McBrayer PLLC,vmware-view,169.254.249.110,2,,,
McBrayer PLLC,vmware-view,169.254.154.234,1,,,
McBrayer PLLC,vmware-view,192.168.0.16,1,,,
McBrayer PLLC,vmware-view,192.168.0.56,1,,,
McBrayer PLLC,vmware-view,192.168.0.98,1,,,
McBrayer PLLC,vmware-view,192.168.1.153,1,,,
McBrayer PLLC,vmware-view,192.168.1.165,1,,,
McBrayer PLLC,vmware-view,192.168.1.189,1,,,
McBrayer PLLC,vmware-view,192.168.1.215,1,,,
McBrayer PLLC,vmware-view,192.168.1.251,1,,,
McBrayer PLLC,ssl,192.168.1.218,9,,,
McBrayer PLLC,ssl,192.168.1.87,3,,,
Lake City,vmware,10.3.3.25,360,,,
Lake City,ssl,10.7.7.149,185,,,
Lake City,ssl,192.168.4.105,35,,,
Lake City,ssl,10.7.1.103,26,,,
Lake City,ssl,10.3.3.122,10,,,
Lake City,ssl,192.168.4.140,6,,,
Lake City,ssl,10.7.1.153,3,,,
Lake City,ssl,10.3.3.100,2,,,
Lake City,ssl,10.7.1.96,2,,,
Lake City,ssl,10.1.1.193,1,,,
Lake City,salesforce-base,10.7.7.149,1,,,
Corvid Technologies,vmware-carbon-black,10.3.12.56,250,,,
Corvid Technologies,vmware-carbon-black,10.3.12.64,166,,,
Corvid Technologies,vmware-carbon-black,10.3.12.68,79,,,
Corvid Technologies,vmware-carbon-black,172.32.252.141,26,,,
Corvid Technologies,vmware-carbon-black,10.100.0.13,6,,,
Corvid Technologies,ssl,10.100.10.25,5,,,
Corvid Technologies,ssl,172.32.252.48,2,,,
Corvid Technologies,ssl,10.100.10.11,1,,,
Corvid Technologies,ssl,10.100.252.12,1,,,
Corvid Technologies,web-browsing,10.100.10.25,1,,,
Visser Precision,vmware-carbon-black,10.55.13.91,233,,,
Visser Precision,ssl,10.55.12.50,2,,,
Visser Precision,ssl,10.55.12.137,1,,,
FP1 Strategies,vmware-carbon-black,10.124.189.205,188,,,
FP1 Strategies,ssl,10.124.188.78,2,,,
FP1 Strategies,ssl,10.124.184.190,1,,,
FP1 Strategies,ssl,10.124.187.8,1,,,
FP1 Strategies,ssl,10.124.190.3,1,,,
Biz Technology Solutions,vmware,10.10.2.243,77,,,
Biz Technology Solutions,vmware,10.10.2.245,77,,,
Biz Technology Solutions,ssl,10.10.3.74,6,,,
Biz Technology Solutions,ssl,10.10.3.61,2,,,
Biz Technology Solutions,ssl,10.10.3.71,2,,,
Biz Technology Solutions,ssl,10.10.3.150,1,,,
PBS Modular,vmware,192.168.0.83,55,,,
PBS Modular,vmware,192.168.0.82,52,,,
Brainchip Inc,ssl,172.16.3.16,56,,,
Brainchip Inc,ssl,172.18.10.10,3,,,
Brainchip Inc,web-browsing,172.18.40.5,1,,,
Cyber Reliant Corp.,ssl,10.254.254.1,34,,,
Cyber Reliant Corp.,ssl,10.10.13.101,5,,,
Cyber Reliant Corp.,vmware,10.254.254.1,15,,,
NetHope,webdav,172.25.80.195,16,,,
NetHope,webdav,172.25.80.192,10,,,
NetHope,webdav,172.25.98.212,10,,,
NetHope,webdav,172.25.88.116,5,,,
NetHope,ssl,172.25.96.1,8,,,
NetHope,web-browsing,172.25.96.1,5,,,
Versiant,ssl,10.129.3.55,28,,,
Versiant,ssl,10.129.3.118,13,,,
Versiant,ssl,10.129.3.81,3,,,
Versiant,ssl,10.129.3.135,1,,,
Versiant,ssl,10.129.3.198,1,,,
Versiant,ssl,10.129.3.201,1,,,
McNally Industries,ssl,192.72.10.88,36,,,
McNally Industries,ssl,192.72.10.111,1,,,
Corvid Cyberdefense,web-browsing,10.51.255.148,24,,,
Corvid Cyberdefense,web-browsing,10.51.255.125,2,,,
Corvid Cyberdefense,web-browsing,10.51.255.133,2,,,
Corvid Cyberdefense,web-browsing,10.51.255.150,2,,,
Corvid Cyberdefense,web-browsing,10.51.255.124,1,,,
Pope Flynn Group,vmware-carbon-black,10.31.102.14,14,,,
Pope Flynn Group,vmware-carbon-black,10.31.102.19,8,,,
Pope Flynn Group,vmware-view,10.160.4.139,2,,,
Pope Flynn Group,vmware-view,10.160.4.116,1,,,
Joe Gibbs Racing,ssl,10.0.100.164,12,,,
Joe Gibbs Racing,vmware,10.0.100.220,2,,,
Joe Gibbs Racing,vmware,10.0.100.221,2,,,
Joe Gibbs Racing,vmware,10.0.100.222,2,,,
Joe Gibbs Racing,vmware,10.0.100.223,1,,,
Joe Gibbs Racing,vmware,10.0.100.224,1,,,
Joe Gibbs Racing,vmware,10.0.100.225,1,,,
Mountaineer Holdings,vmware,172.16.18.23,12,,,
Mountaineer Holdings,ssl,172.16.18.13,8,,,
Sterling Construction Company,HTTPS.BROWSER,10.130.40.184,7,,,
Sterling Construction Company,HTTPS.BROWSER,10.130.0.91,1,,,
Sterling Construction Company,HTTPS.BROWSER,10.130.16.64,1,,,
Sterling Construction Company,HTTPS.BROWSER,10.130.32.86,1,,,
Sterling Construction Company,HTTPS.BROWSER,10.130.33.98,1,,,
Sterling Construction Company,HTTPS.BROWSER,10.130.96.216,1,,,
Sterling Construction Company,HTTPS.BROWSER,10.130.120.91,1,,,
Sterling Construction Company,HTTPS.BROWSER,10.130.120.170,1,,,
Sterling Construction Company,Microsoft.Portal,10.130.96.218,1,,,
Victor Gray Financial Services,webdav,172.25.81.229,4,,,
Victor Gray Financial Services,webdav,172.25.81.239,4,,,
Victor Gray Financial Services,webdav,172.25.96.154,4,,,
Victor Gray Financial Services,webdav,172.25.81.238,3,,,
Iomax USA Inc,ssl,192.168.2.131,13,,,
ILG Financial,webdav,172.25.80.10,4,,,
ILG Financial,webdav,172.25.80.12,4,,,
ILG Financial,webdav,172.25.100.43,3,,,
Huntsource,webdav,172.25.80.170,9,,,
JS Perkins Consulting,webdav,172.25.81.51,7,,,
Northeast Tool,ssl,10.100.2.192,5,,,
Northeast Tool,ssl,10.100.2.131,2,,,
Tier 1 Solutions,ssl,192.168.111.17,5,,,
Tier 1 Solutions,ssl,192.168.111.40,2,,,
True Financial,webdav,172.25.98.187,7,,,
Moran Logistics,ssl,10.110.0.11,6,,,
"Wolfe, Inc.",ssl,10.0.0.222,5,,,
"Wolfe, Inc.",ssl,10.0.0.23,1,,,
Ragsdale Liggett PLLC,vmware-view,130.51.1.61,3,,,
Ragsdale Liggett PLLC,ssl,130.51.1.164,1,,,
Secure Estate Solutions,webdav,172.25.88.88,3,,,
Akoustis,ssl,172.16.5.62,1,,,
Burger Fi,ssl,192.168.11.34,1,,,
Hardwire llc,ssl,10.10.4.53,1,,,
JJ Wade,vmware-view,192.168.168.79,1,,,
WelbeHealth,ssl,10.12.11.74,1,,,